{
  "target": "cobblemon:kubfu",
  "evolutions": [
    {
      "id": "kubfu_urshifu",
      "variant": "item_interact",
      "result": "urshifu wushu_style=single_strike",
      "consumeHeldItem": false,
      "learnableMoves": [
        "wickedblow"
      ],
      "requirements": [],
      "requiredContext": "mythsandlegends:scroll_of_darkness"
    },
    {
      "id": "kubfu_urshifurapidstrike",
      "variant": "item_interact",
      "result": "urshifu wushu_style=rapid_strike",
      "consumeHeldItem": false,
      "learnableMoves": [
        "surgingstrikes"
      ],
      "requirements": [],
      "requiredContext": "mythsandlegends:scroll_of_water"
    }
  ]
}