{
    "type": "minecraft:crafting_shaped",
    "category": "misc",
    "pattern": [
      "   ",
      "lga",
      "cje"
    ],
    "key": {
      "a": {
        "item": "myths_and_legends:plasma_tablet"
      },
      "c": {
        "item": "myths_and_legends:stone_tablet"
      },
      "l": {
        "item": "myths_and_legends:scaly_tablet"
      },
      "j": {
        "item": "myths_and_legends:ice_tablet"
      },
      "g": {
        "item": "minecraft:enchanting_table"
      },
      "e": {
        "item": "myths_and_legends:steel_tablet"
      }
    },
    "result": {
      "item": "myths_and_legends:ancient_tablet"
    }
  }
  