{
    "type": "minecraft:crafting_shaped",
    "category": "misc",
    "pattern": [
      "zhb",
      "jge",
      "alc"
    ],
    "key": {
      "a": {
        "item": "cobblemon:ancient_poke_ball"
      },
      "c": {
        "item": "cobblemon:ancient_great_ball"
      },
      "l": {
        "item": "cobblemon:ancient_ultra_ball"
      },
      "j": {
        "item": "cobblemon:ancient_feather_ball"
      },
      "g": {
        "item": "cobblemon:ancient_wing_ball"
      },
      "e": {
        "item": "cobblemon:ancient_jet_ball"
      },
      "z": {
        "item": "cobblemon:ancient_heavy_ball"
      },
      "h": {
        "item": "cobblemon:ancient_leaden_ball"
      },
      "b": {
        "item": "cobblemon:ancient_gigaton_ball"
      }
    },
    "result": {
      "item": "myths_and_legends:antique_pokeball"
    }
  }
  