{
    "type": "minecraft:crafting_shaped",
    "category": "misc",
    "pattern": [
      "zhb",
      "egj",
      "alc"
    ],
    "key": {
      "a": {
        "item": "myths_and_legends:adamant_orb"
      },
      "c": {
        "item": "myths_and_legends:lustrous_orb"
      },
      "l": {
        "item": "myths_and_legends:griseous_orb"
      },
      "j": {
        "item": "myths_and_legends:member_card"
      },
      "g": {
        "item": "minecraft:netherite_helmet"
      },
      "e": {
        "item": "myths_and_legends:lunar_feather"
      },
      "z": {
        "item": "myths_and_legends:azelf_fang"
      },
      "h": {
        "item": "myths_and_legends:uxie_claw"
      },
      "b": {
        "item": "myths_and_legends:mesprit_plume"
      }
    },
    "result": {
      "item": "myths_and_legends:azure_flute"
    }
  }
  