{
    "type": "minecraft:crafting_shaped",
    "category": "misc",
    "pattern": [
      "hbh",
      "aga",
      "hah"
    ],
    "key": {
      "g": {
        "item": "myths_and_legends:old_sea_map"
      },
      "h": {
        "item": "cobblemon:restoration_tank"
      },
      "a": {
        "item": "cobblemon:metal_powder"
      },
      "b": {
        "item": "cobblemon:master_ball"
      }
    },
    "result": {
      "item": "myths_and_legends:dr_fujis_diary"
    }
  }
  