{
    "type": "minecraft:crafting_shaped",
    "category": "misc",
    "pattern": [
      "   ",
      "zag",
      "e h"
    ],
    "key": {
      "g": {
        "item": "cobblemon:paralyze_heal"
      },
      "z": {
        "item": "cobblemon:ice_heal"
      },
      "h": {
        "item": "cobblemon:burn_heal"
      },
      "e": {
        "item": "cobblemon:awakening"
      },
      "a": {
        "item": "cobblemon:antidote"
      }
    },
    "result": {
      "item": "cobblemon:full_heal"
    }
  }
  