{
    "type": "minecraft:crafting_shaped",
    "category": "misc",
    "pattern": [
      "hbh",
      "aga",
      "hbh"
    ],
    "key": {
      "g": {
        "item": "minecraft:netherite_sword"
      },
      "h": {
        "item": "minecraft:flowering_azalea"
      },
      "a": {
        "item": "minecraft:torchflower"
      },
      "b": {
        "item": "cobblemon:flower_sweet"
      }
    },
    "result": {
      "item": "myths_and_legends:grassland_blade"
    }
  }
  