{
    "type": "minecraft:crafting_shaped",
    "category": "misc",
    "pattern": [
      "hbh",
      "aga",
      "hbh"
    ],
    "key": {
      "g": {
        "item": "minecraft:netherite_sword"
      },
      "h": {
        "item": "minecraft:raw_iron_block"
      },
      "a": {
        "item": "cobblemon:sticky_barb"
      },
      "b": {
        "item": "minecraft:iron_trapdoor"
      }
    },
    "result": {
      "item": "myths_and_legends:ironwill_sword"
    }
  }
  