{
    "type": "minecraft:crafting_shaped",
    "category": "misc",
    "pattern": [
      "zhb",
      "egj",
      "alc"
    ],
    "key": {
      "a": {
        "item": "cobblemon:destiny_knot"
      },
      "c": {
        "item": "cobblemon:love_sweet"
      },
      "l": {
        "item": "cobblemon:sweet_apple"
      },
      "j": {
        "item": "cobblemon:sachet"
      },
      "g": {
        "item": "minecraft:shulker_box"
      },
      "e": {
        "item": "minecraft:nether_star"
      },
      "z": {
        "item": "cobblemon:poison_barb"
      },
      "h": {
        "item": "cobblemon:choice_specs"
      },
      "b": {
        "item": "cobblemon:focus_band"
      }
    },
    "result": {
      "item": "myths_and_legends:lillies_bag"
    }
  }
  