{
    "type": "minecraft:crafting_shaped",
    "category": "misc",
    "pattern": [
      "bhb",
      "hgh",
      "ezl"
    ],
    "key": {
      "g": {
        "item": "minecraft:nether_star"
      },
      "b": {
        "item": "cobblemon:mystic_water"
      },
      "e": {
        "item": "myths_and_legends:azelf_fang"
      },
      "z": {
        "item": "myths_and_legends:uxie_claw"
      },
      "l": {
        "item": "myths_and_legends:mesprit_plume"
      },
      "h": {
        "item": "minecraft:diamond_block"
      }
    },
    "result": {
      "item": "myths_and_legends:lustrous_orb"
    }
  }
  