{
    "type": "minecraft:crafting_shaped",
    "category": "misc",
    "pattern": [
      "bab",
      "hgh",
      "hhh"
    ],
    "key": {
      "g": {
        "item": "minecraft:shulker_box"
      },
      "h": {
        "item": "minecraft:weathered_cut_copper"
      },
      "a": {
        "item": "minecraft:lightning_rod"
      },
      "b": {
        "item": "cobblemon:electirizer"
      }
    },
    "result": {
      "item": "myths_and_legends:mystery_box"
    }
  }
  