{
    "type": "minecraft:crafting_shaped",
    "category": "misc",
    "pattern": [
      "zhb",
      "egj",
      "alc"
    ],
    "key": {
      "a": {
        "item": "cobblemon:ghost_gem"
      },
      "c": {
        "item": "cobblemon:fairy_gem"
      },
      "l": {
        "item": "cobblemon:flying_gem"
      },
      "j": {
        "item": "cobblemon:ground_gem"
      },
      "g": {
        "item": "minecraft:turtle_helmet"
      },
      "e": {
        "item": "cobblemon:rock_gem"
      },
      "z": {
        "item": "cobblemon:dragon_gem"
      },
      "h": {
        "item": "cobblemon:ice_gem"
      },
      "b": {
        "item": "cobblemon:poison_gem"
      }
    },
    "result": {
      "item": "myths_and_legends:prismatic_shell"
    }
  }
  