{
    "type": "minecraft:crafting_shaped",
    "category": "misc",
    "pattern": [
      "ahb",
      "agh",
      "aaa"
    ],
    "key": {
      "g": {
        "item": "minecraft:tinted_glass"
      },
      "h": {
        "item": "minecraft:emerald_block"
      },
      "a": {
        "item": "minecraft:iron_block"
      },
      "b": {
        "item": "minecraft:blaze_powder"
      }
    },
    "result": {
      "item": "myths_and_legends:reveal_glass"
    }
  }
  