{
    "type": "minecraft:crafting_shaped",
    "category": "misc",
    "pattern": [
      "hbh",
      "aga",
      "hbh"
    ],
    "key": {
      "g": {
        "item": "cobblemon:ability_shield"
      },
      "h": {
        "item": "minecraft:oxidized_copper"
      },
      "a": {
        "item": "minecraft:scute"
      },
      "b": {
        "item": "cobblemon:fighting_gem"
      }
    },
    "result": {
      "item": "myths_and_legends:rusted_shield"
    }
  }
  