{
    "type": "minecraft:crafting_shaped",
    "category": "misc",
    "pattern": [
      "hgh",
      "aez",
      "hbh"
    ],
    "key": {
      "g": {
        "item": "minecraft:heart_of_the_sea"
      },
      "h": {
        "item": "cobblemon:water_gem"
      },
      "a": {
        "item": "myths_and_legends:grassland_blade"
      },
      "z": {
        "item": "myths_and_legends:ironwill_sword"
      },
      "e": {
        "item": "minecraft:netherite_sword"
      },
      "b": {
        "item": "myths_and_legends:cavern_shield"
      }
    },
    "result": {
      "item": "myths_and_legends:sacred_sword"
    }
  }
  