{
    "type": "minecraft:crafting_shaped",
    "category": "misc",
    "pattern": [
      "aga",
      "beb",
      "aga"
    ],
    "key": {
      "b": {
        "item": "minecraft:redstone_block"
      },
      "a": {
        "item": "cobblemon:magmarizer"
      },
      "e": {
        "item": "minecraft:writable_book"
      },
      "g": {
        "item": "minecraft:dragon_breath"
      }
    },
    "result": {
      "item": "myths_and_legends:scarlet_book"
    }
  }
  