{
    "type": "minecraft:crafting_shaped",
    "category": "misc",
    "pattern": [
      "hhh",
      "hgh",
      "abz"
    ],
    "key": {
      "g": {
        "item": "minecraft:diamond_helmet"
      },
      "h": {
        "item": "minecraft:emerald_block"
      },
      "a": {
        "item": "cobblemon:leaf_stone"
      },
      "b": {
        "item": "cobblemon:hard_stone"
      },
      "z": {
        "item": "cobblemon:fire_stone"
      }
    },
    "result": {
      "item": "myths_and_legends:teal_mask"
    }
  }
  