{
  "enabled": true,
  "neededInstalledMods": [],
  "neededUninstalledMods": [],
  "spawns": [
    {
      "id": "mythsandlegends-registeel-1",
      "pokemon": "registeel",
      "presets": [
        "natural"
      ],
      "type": "pokemon",
      "context": "grounded",
      "bucket": "ultra-rare",
      "level": "40",
      "weight": 0.1,
      "condition": {
        "biomes": [
          "minecraft:deep_dark",
          "#cobblemon:is_deep_dark"
        ],
        "neededNearbyBlocks": [
          "minecraft:iron_block"
        ],
        "key_item": "mythsandlegends:steel_tablet"
      }
    },
    {
      "id": "mythsandlegends-registeel-2",
      "pokemon": "registeel",
      "presets": [
        "natural"
      ],
      "type": "pokemon",
      "context": "grounded",
      "bucket": "ultra-rare",
      "level": "40",
      "weight": 0.1,
      "condition": {
        "biomes": [
          "#minecraft:village"
        ],
        "neededNearbyBlocks": [
          "minecraft:iron_block"
        ],
        "key_item": "mythsandlegends:steel_tablet"
      }
    },
    {
      "id": "mythsandlegends-registeel-2",
      "pokemon": "registeel",
      "presets": [
        "natural"
      ],
      "type": "pokemon",
      "context": "grounded",
      "bucket": "ultra-rare",
      "level": "40",
      "weight": 0.1,
      "condition": {
        "biomes": [
          "#minecraft:village"
        ],
        "neededNearbyBlocks": [
          "minecraft:iron_block"
        ],
        "key_item": "mythsandlegends:ancient_tablet"
      }
    }
  ]
}