{
  "enabled": true,
  "neededInstalledMods": [],
  "neededUninstalledMods": [],
  "spawns": [
    {
      "id": "mythsandlegends-darkrai-1",
      "pokemon": "darkrai",
      "presets": [
        "natural"
      ],
      "type": "pokemon",
      "context": "grounded",
      "bucket": "ultra-rare",
      "level": "40-50",
      "weight": 0.1,
      "condition": {
        "biomes": [
          "minecraft:dark_forest",
          "minecraft:swamp"
        ],
        "key_item": "mythsandlegends:member_card"
      }
    },
    {
      "id": "mythsandlegends-darkrai-2",
      "pokemon": "darkrai",
      "presets": [
        "natural"
      ],
      "type": "pokemon",
      "context": "grounded",
      "bucket": "ultra-rare",
      "level": "40-50",
      "weight": 0.1,
      "condition": {
        "biomes": [
          "#cobblemon:is_spooky",
          "#cobblemon:is_dark",
          "#cobblemon:is_deep_dark"
        ],
        "key_item": "mythsandlegends:member_card"
      }
    }
  ]
}