{
  "enabled": true,
  "neededInstalledMods": [],
  "neededUninstalledMods": [],
  "spawns": [
    {
      "id": "mythsandlegends-regieleki-1",
      "pokemon": "regieleki",
      "presets": [
        "natural"
      ],
      "type": "pokemon",
      "context": "grounded",
      "bucket": "ultra-rare",
      "level": "70",
      "weight": 0.1,
      "condition": {
        "biomes": [
          "#cobblemon:is_deep_dark"
        ],
        "key_item": "mythsandlegends:plasma_tablet"
      }
    },
    {
      "id": "mythsandlegends-regieleki-2",
      "pokemon": "regieleki",
      "presets": [
        "natural"
      ],
      "type": "pokemon",
      "context": "grounded",
      "bucket": "ultra-rare",
      "level": "70",
      "weight": 0.1,
      "condition": {
        "biomes": [
          "#cobblemon:is_deep_dark"
        ],
        "key_item": "mythsandlegends:ancient_tablet"
      }
    }
  ]
}