{
  "enabled": true,
  "neededInstalledMods": [],
  "neededUninstalledMods": [],
  "spawns": [
    {
      "id": "mythsandlegends-heatran-1",
      "pokemon": "heatran",
      "presets": ["natural"],
      "type": "pokemon",
      "context": "grounded",
      "bucket": "ultra-rare",
      "level": "50-70",
      "weight": 0.1,
      "condition": {
        "biomes": [
          "minecraft:nether_wastes",
          "minecraft:basalt_deltas",
          "minecraft:crimson_forest"
        ],
        "key_item": "mythsandlegends:magma_stone"
      }
    }
  ]
}
